# Simplified CPIC-style guidance per drug x gene phenotype. suitability: suitable, partial, not_suitable.
# Drugs listed under several genes take the least suitable verdict across genes.
# Phenotype keys: metabolizer genes use UM/RM/NM/IM/PM; CYP2C9 splits IM into IM1.5 / IM1 (activity score);
# VKORC1 uses GG/GA/AA at -1639; SLCO1B1 normal/decreased/poor; HLA-B positive/negative; G6PD normal/variable/deficient.
drug	drug_class	gene	phenotype	suitability	recommendation	source
Clopidogrel	Antiplatelet	CYP2C19	UM	suitable	Standard dose; normal or increased activation.	CPIC 2022 (Lee et al.)
Clopidogrel	Antiplatelet	CYP2C19	RM	suitable	Standard dose; normal or increased activation.	CPIC 2022 (Lee et al.)
Clopidogrel	Antiplatelet	CYP2C19	NM	suitable	Standard dose.	CPIC 2022 (Lee et al.)
Clopidogrel	Antiplatelet	CYP2C19	IM	partial	Reduced activation; for cardiovascular indications CPIC prefers prasugrel or ticagrelor if not contraindicated.	CPIC 2022 (Lee et al.)
Clopidogrel	Antiplatelet	CYP2C19	PM	not_suitable	Little active metabolite formed; use prasugrel or ticagrelor if not contraindicated.	CPIC 2022 (Lee et al.)
Omeprazole / lansoprazole / pantoprazole	Proton-pump inhibitor	CYP2C19	UM	partial	Faster clearance; increase starting dose by 100% and monitor efficacy.	CPIC 2020 (Lima et al.)
Omeprazole / lansoprazole / pantoprazole	Proton-pump inhibitor	CYP2C19	RM	partial	Faster clearance; increase starting dose by 50–100% for H. pylori or erosive esophagitis.	CPIC 2020 (Lima et al.)
Omeprazole / lansoprazole / pantoprazole	Proton-pump inhibitor	CYP2C19	NM	suitable	Standard starting dose.	CPIC 2020 (Lima et al.)
Omeprazole / lansoprazole / pantoprazole	Proton-pump inhibitor	CYP2C19	IM	suitable	Standard starting dose; consider a 50% reduction for long-term (>12 week) use.	CPIC 2020 (Lima et al.)
Omeprazole / lansoprazole / pantoprazole	Proton-pump inhibitor	CYP2C19	PM	partial	Higher exposure; consider a 50% dose reduction for long-term (>12 week) use.	CPIC 2020 (Lima et al.)
Citalopram / escitalopram	Antidepressant (SSRI)	CYP2C19	UM	not_suitable	Low levels expected; consider an antidepressant not mainly cleared by CYP2C19.	CPIC 2023 (Bousman et al.)
Citalopram / escitalopram	Antidepressant (SSRI)	CYP2C19	RM	suitable	Standard starting dose; if response is poor, consider a higher dose or alternative.	CPIC 2023 (Bousman et al.)
Citalopram / escitalopram	Antidepressant (SSRI)	CYP2C19	NM	suitable	Standard starting dose.	CPIC 2023 (Bousman et al.)
Citalopram / escitalopram	Antidepressant (SSRI)	CYP2C19	IM	suitable	Standard starting dose; titrate more slowly.	CPIC 2023 (Bousman et al.)
Citalopram / escitalopram	Antidepressant (SSRI)	CYP2C19	PM	partial	Higher levels expected; consider a 50% lower starting dose or an alternative.	CPIC 2023 (Bousman et al.)
Sertraline	Antidepressant (SSRI)	CYP2C19	UM	suitable	Standard starting dose.	CPIC 2023 (Bousman et al.)
Sertraline	Antidepressant (SSRI)	CYP2C19	RM	suitable	Standard starting dose.	CPIC 2023 (Bousman et al.)
Sertraline	Antidepressant (SSRI)	CYP2C19	NM	suitable	Standard starting dose.	CPIC 2023 (Bousman et al.)
Sertraline	Antidepressant (SSRI)	CYP2C19	IM	suitable	Standard starting dose; titrate more slowly.	CPIC 2023 (Bousman et al.)
Sertraline	Antidepressant (SSRI)	CYP2C19	PM	partial	Higher levels expected; consider a 50% lower starting dose.	CPIC 2023 (Bousman et al.)
Voriconazole	Antifungal	CYP2C19	UM	not_suitable	Sub-therapeutic levels likely; choose an alternative antifungal.	CPIC 2016 (Moriyama et al.)
Voriconazole	Antifungal	CYP2C19	RM	not_suitable	Sub-therapeutic levels likely; choose an alternative antifungal.	CPIC 2016 (Moriyama et al.)
Voriconazole	Antifungal	CYP2C19	NM	suitable	Standard dose.	CPIC 2016 (Moriyama et al.)
Voriconazole	Antifungal	CYP2C19	IM	suitable	Standard dose.	CPIC 2016 (Moriyama et al.)
Voriconazole	Antifungal	CYP2C19	PM	not_suitable	Higher levels and toxicity risk; choose an alternative antifungal.	CPIC 2016 (Moriyama et al.)
Warfarin	Anticoagulant	CYP2C9	NM	suitable	Typical CYP2C9 clearance.	CPIC 2017 (Johnson et al.)
Warfarin	Anticoagulant	CYP2C9	IM1.5	partial	Slightly lower dose expected; use a genotype-guided dosing algorithm.	CPIC 2017 (Johnson et al.)
Warfarin	Anticoagulant	CYP2C9	IM1	partial	Lower dose expected; use a genotype-guided dosing algorithm.	CPIC 2017 (Johnson et al.)
Warfarin	Anticoagulant	CYP2C9	PM	partial	Much lower dose and slower stabilisation expected; use a genotype-guided dosing algorithm.	CPIC 2017 (Johnson et al.)
Warfarin	Anticoagulant	VKORC1	GG	suitable	Typical VKORC1 sensitivity.	CPIC 2017 (Johnson et al.)
Warfarin	Anticoagulant	VKORC1	GA	partial	Moderately higher sensitivity; lower dose expected.	CPIC 2017 (Johnson et al.)
Warfarin	Anticoagulant	VKORC1	AA	partial	High sensitivity; substantially lower dose expected.	CPIC 2017 (Johnson et al.)
Warfarin	Anticoagulant	CYP4F2	typical	suitable	No CYP4F2*3 allele; no extra dose increase from this gene.	CPIC 2017 (Johnson et al.)
Warfarin	Anticoagulant	CYP4F2	carrier	suitable	One CYP4F2*3 allele; a small dose increase is expected in the CPIC algorithm.	CPIC 2017 (Johnson et al.)
Warfarin	Anticoagulant	CYP4F2	hom	partial	CYP4F2*3/*3; a higher warfarin dose is expected.	CPIC 2017 (Johnson et al.)
Phenytoin / fosphenytoin	Antiepileptic	CYP2C9	NM	suitable	Standard dose.	CPIC 2020 (Karnes et al.)
Phenytoin / fosphenytoin	Antiepileptic	CYP2C9	IM1.5	suitable	Standard dose; monitor levels.	CPIC 2020 (Karnes et al.)
Phenytoin / fosphenytoin	Antiepileptic	CYP2C9	IM1	partial	Consider a 25% lower maintenance dose; monitor levels.	CPIC 2020 (Karnes et al.)
Phenytoin / fosphenytoin	Antiepileptic	CYP2C9	PM	partial	Consider a 50% lower maintenance dose; monitor levels.	CPIC 2020 (Karnes et al.)
Celecoxib / ibuprofen / flurbiprofen	NSAID	CYP2C9	NM	suitable	Standard dose.	CPIC 2020 (Theken et al.)
Celecoxib / ibuprofen / flurbiprofen	NSAID	CYP2C9	IM1.5	suitable	Standard dose.	CPIC 2020 (Theken et al.)
Celecoxib / ibuprofen / flurbiprofen	NSAID	CYP2C9	IM1	partial	Start at the lowest dose and titrate carefully.	CPIC 2020 (Theken et al.)
Celecoxib / ibuprofen / flurbiprofen	NSAID	CYP2C9	PM	partial	Start at 25–50% of the lowest dose; or choose an NSAID not cleared by CYP2C9.	CPIC 2020 (Theken et al.)
Meloxicam	NSAID	CYP2C9	NM	suitable	Standard dose.	CPIC 2020 (Theken et al.)
Meloxicam	NSAID	CYP2C9	IM1.5	suitable	Standard dose.	CPIC 2020 (Theken et al.)
Meloxicam	NSAID	CYP2C9	IM1	partial	Start at 50% of the lowest dose.	CPIC 2020 (Theken et al.)
Meloxicam	NSAID	CYP2C9	PM	not_suitable	Very long half-life expected; choose an alternative NSAID.	CPIC 2020 (Theken et al.)
Simvastatin	Statin	SLCO1B1	normal	suitable	Standard dose.	CPIC 2022 (Cooper-DeHoff et al.)
Simvastatin	Statin	SLCO1B1	decreased	partial	Myopathy risk raised; prefer another statin, or keep simvastatin under 20 mg/day.	CPIC 2022 (Cooper-DeHoff et al.)
Simvastatin	Statin	SLCO1B1	poor	not_suitable	High myopathy risk; prescribe an alternative statin.	CPIC 2022 (Cooper-DeHoff et al.)
Atorvastatin	Statin	SLCO1B1	normal	suitable	Standard dose.	CPIC 2022 (Cooper-DeHoff et al.)
Atorvastatin	Statin	SLCO1B1	decreased	suitable	Standard dose; watch for myopathy at 40–80 mg.	CPIC 2022 (Cooper-DeHoff et al.)
Atorvastatin	Statin	SLCO1B1	poor	partial	Keep at or below 20 mg/day, or choose rosuvastatin/pravastatin.	CPIC 2022 (Cooper-DeHoff et al.)
Rosuvastatin	Statin	SLCO1B1	normal	suitable	Standard dose.	CPIC 2022 (Cooper-DeHoff et al.)
Rosuvastatin	Statin	SLCO1B1	decreased	suitable	Standard dose; watch for myopathy above 20 mg.	CPIC 2022 (Cooper-DeHoff et al.)
Rosuvastatin	Statin	SLCO1B1	poor	partial	Keep at or below 20 mg/day.	CPIC 2022 (Cooper-DeHoff et al.)
Azathioprine / mercaptopurine / thioguanine	Thiopurine (immunosuppressant, leukaemia)	TPMT	NM	suitable	Standard starting dose.	CPIC 2019 (Relling et al.)
Azathioprine / mercaptopurine / thioguanine	Thiopurine (immunosuppressant, leukaemia)	TPMT	IM	partial	Myelosuppression risk; start at 30–80% of the normal dose and adjust by blood counts.	CPIC 2019 (Relling et al.)
Azathioprine / mercaptopurine / thioguanine	Thiopurine (immunosuppressant, leukaemia)	TPMT	PM	not_suitable	Life-threatening myelosuppression risk; use an alternative for non-cancer conditions, or a drastically reduced dose for cancer.	CPIC 2019 (Relling et al.)
Azathioprine / mercaptopurine / thioguanine	Thiopurine (immunosuppressant, leukaemia)	NUDT15	NM	suitable	Standard starting dose.	CPIC 2019 (Relling et al.)
Azathioprine / mercaptopurine / thioguanine	Thiopurine (immunosuppressant, leukaemia)	NUDT15	IM	partial	Myelosuppression risk; start at 30–80% of the normal dose and adjust by blood counts.	CPIC 2019 (Relling et al.)
Azathioprine / mercaptopurine / thioguanine	Thiopurine (immunosuppressant, leukaemia)	NUDT15	PM	not_suitable	Life-threatening myelosuppression risk; use an alternative for non-cancer conditions, or a drastically reduced dose for cancer.	CPIC 2019 (Relling et al.)
Fluorouracil / capecitabine	Fluoropyrimidine (chemotherapy)	DPYD	NM	suitable	Standard dose.	CPIC 2018 (Amstutz et al.)
Fluorouracil / capecitabine	Fluoropyrimidine (chemotherapy)	DPYD	IM	partial	Severe toxicity risk; start at 50% of the dose and titrate by toxicity or drug levels.	CPIC 2018 (Amstutz et al.)
Fluorouracil / capecitabine	Fluoropyrimidine (chemotherapy)	DPYD	PM	not_suitable	Severe or fatal toxicity risk; avoid and use a non-fluoropyrimidine regimen.	CPIC 2018 (Amstutz et al.)
Tacrolimus	Immunosuppressant (transplant)	CYP3A5	NM	partial	CYP3A5 expresser; start at 1.5–2× the standard dose with level monitoring.	CPIC 2015 (Birdwell et al.)
Tacrolimus	Immunosuppressant (transplant)	CYP3A5	IM	partial	CYP3A5 expresser; start at 1.5–2× the standard dose with level monitoring.	CPIC 2015 (Birdwell et al.)
Tacrolimus	Immunosuppressant (transplant)	CYP3A5	PM	suitable	CYP3A5 non-expresser; standard starting dose with level monitoring.	CPIC 2015 (Birdwell et al.)
Codeine	Opioid analgesic	CYP2D6	NM	suitable	Standard dose. Gene duplications (ultrarapid metabolizers) are not detected by this array.	CPIC 2021 (Crews et al.)
Codeine	Opioid analgesic	CYP2D6	IM	partial	Reduced conversion to morphine; if pain relief is poor, use a non-tramadol opioid.	CPIC 2021 (Crews et al.)
Codeine	Opioid analgesic	CYP2D6	PM	not_suitable	Little conversion to morphine, so poor pain relief; avoid codeine.	CPIC 2021 (Crews et al.)
Tramadol	Opioid analgesic	CYP2D6	NM	suitable	Standard dose. Gene duplications (ultrarapid metabolizers) are not detected by this array.	CPIC 2021 (Crews et al.)
Tramadol	Opioid analgesic	CYP2D6	IM	partial	Reduced activation; if pain relief is poor, use a non-codeine opioid.	CPIC 2021 (Crews et al.)
Tramadol	Opioid analgesic	CYP2D6	PM	not_suitable	Little activation, so poor pain relief; avoid tramadol.	CPIC 2021 (Crews et al.)
Tamoxifen	Breast-cancer hormone therapy	CYP2D6	NM	suitable	Standard dose.	CPIC 2018 (Goetz et al.)
Tamoxifen	Breast-cancer hormone therapy	CYP2D6	IM	partial	Lower endoxifen levels; consider an aromatase inhibitor (post-menopausal) or a higher tamoxifen dose, and avoid CYP2D6 inhibitors.	CPIC 2018 (Goetz et al.)
Tamoxifen	Breast-cancer hormone therapy	CYP2D6	PM	not_suitable	Much lower endoxifen levels; consider alternative hormone therapy such as an aromatase inhibitor.	CPIC 2018 (Goetz et al.)
Abacavir	HIV antiretroviral	HLA-B	negative	suitable	Tag SNP does not suggest HLA-B*57:01; a clinical HLA-B*57:01 test is still required before abacavir.	CPIC 2014 (Martin et al.)
Abacavir	HIV antiretroviral	HLA-B	positive	not_suitable	HLA-B*57:01 tag present; hypersensitivity risk — do not use abacavir.	CPIC 2014 (Martin et al.)
Rasburicase	Uric-acid lowering (tumour lysis)	G6PD	normal	suitable	No G6PD variant at the typed sites.	CPIC 2022 (Gammal et al.)
Rasburicase	Uric-acid lowering (tumour lysis)	G6PD	variable	partial	Heterozygous; measure G6PD enzyme activity before use.	CPIC 2022 (Gammal et al.)
Rasburicase	Uric-acid lowering (tumour lysis)	G6PD	deficient	not_suitable	Haemolysis risk; avoid and use an alternative such as allopurinol.	CPIC 2022 (Gammal et al.)
Primaquine / tafenoquine	Antimalarial	G6PD	normal	suitable	No G6PD variant at the typed sites; enzyme testing is still standard before use.	CPIC 2022 (Gammal et al.)
Primaquine / tafenoquine	Antimalarial	G6PD	variable	partial	Heterozygous; measure G6PD enzyme activity before use.	CPIC 2022 (Gammal et al.)
Primaquine / tafenoquine	Antimalarial	G6PD	deficient	not_suitable	Haemolysis risk; avoid or use only under specialist supervision.	CPIC 2022 (Gammal et al.)
Irinotecan	Chemotherapy	UGT1A1	NM	suitable	No UGT1A1*6 allele in this file. The *28 TA-repeat promoter allele is not assessed.	CPIC irinotecan guideline; *6 from the CPIC UGT1A1 allele table
Irinotecan	Chemotherapy	UGT1A1	IM	partial	One UGT1A1*6 allele; exposure may be higher. *28 was not assessed.	CPIC irinotecan guideline; *6 from the CPIC UGT1A1 allele table
Irinotecan	Chemotherapy	UGT1A1	PM	partial	UGT1A1*6/*6; start at a reduced dose and titrate by toxicity. *28 was not assessed.	CPIC irinotecan guideline; *6 from the CPIC UGT1A1 allele table
Atazanavir	HIV antiretroviral	UGT1A1	NM	suitable	No UGT1A1*6 allele in this file. The *28 promoter allele, which drives the CPIC atazanavir recommendation, is not assessed.	CPIC 2016 (Gammal et al.)
Atazanavir	HIV antiretroviral	UGT1A1	IM	partial	One UGT1A1*6 allele; bilirubin elevation is more likely. *28 was not assessed.	CPIC 2016 (Gammal et al.)
Atazanavir	HIV antiretroviral	UGT1A1	PM	not_suitable	UGT1A1*6/*6; jaundice is likely. Consider an alternative if jaundice would affect adherence. *28 was not assessed.	CPIC 2016 (Gammal et al.)
Isoniazid	Antitubercular	NAT2	rapid	suitable	Rapid acetylator at NAT2*5, *6, and *7.	NAT2 acetylator status; DPWG-style isoniazid note
Isoniazid	Antitubercular	NAT2	intermediate	suitable	Intermediate acetylator. Standard dosing with the usual liver monitoring.	NAT2 acetylator status; DPWG-style isoniazid note
Isoniazid	Antitubercular	NAT2	slow	partial	Slow acetylator; higher risk of liver injury. Closer monitoring, and some guidelines use a lower dose.	NAT2 acetylator status; DPWG-style isoniazid note
Succinylcholine / mivacurium	Neuromuscular blocker	BCHE	NM	suitable	No atypical BCHE allele at rs1799807. Other cholinesterase variants are not typed.	FDA succinylcholine labeling; classic BCHE atypical allele
Succinylcholine / mivacurium	Neuromuscular blocker	BCHE	IM	partial	One atypical BCHE allele; prolonged paralysis is possible.	FDA succinylcholine labeling; classic BCHE atypical allele
Succinylcholine / mivacurium	Neuromuscular blocker	BCHE	PM	not_suitable	Atypical BCHE homozygous; prolonged paralysis is expected. Avoid or use only where paralysis can be supported.	FDA succinylcholine labeling; classic BCHE atypical allele
Volatile anesthetics / succinylcholine	Malignant hyperthermia	RYR1	negative	suitable	No curated RYR1 malignant-hyperthermia allele at sites present in this file. This is not a negative clinical test.	CPIC 2019 (Gonsalves et al.)
Volatile anesthetics / succinylcholine	Malignant hyperthermia	RYR1	positive	not_suitable	RYR1 malignant-hyperthermia allele present; do not use volatile anesthetics or succinylcholine.	CPIC 2019 (Gonsalves et al.)
Volatile anesthetics / succinylcholine	Malignant hyperthermia	CACNA1S	negative	suitable	No curated CACNA1S malignant-hyperthermia allele at sites present in this file.	CPIC 2019 (Gonsalves et al.)
Volatile anesthetics / succinylcholine	Malignant hyperthermia	CACNA1S	positive	not_suitable	CACNA1S malignant-hyperthermia allele present; do not use volatile anesthetics or succinylcholine.	CPIC 2019 (Gonsalves et al.)
